pSuzanne,Jane,Jorgensen,1,7
pRachel,Ismael,Cummings,2,8
pClaudia,Richard,Meeks,3,9
pRafael,Gregory,Pita,4,10
pGary,Martin,Hall,1,7
pMargaret,Curt,Gilliland,2,8
pRufus,Millie,Crystal,3,9
pJeffrey,Jeffrey,Gochenour,4,10
pTeresa,Jason,Wood,1,7
pAllen,Arthur,Whaley,2,8
pNorman,Cheryl,Alejandro,3,9
pSusan,Linda,Dodds,4,10
pKenneth,Albert,Allen,1,7
pMichael,Dorothy,Franklin,2,8
pClarence,Eldora,Field,3,9
pMichael,Gregory,Scott,4,10
pKenneth,Brenda,Hyatt,1,7
pAmy,Steven,Morris,2,8
pRussell,Charles,Lee,3,9
pAlicia,Kenneth,Casey,4,10
pMarie,Amanda,Wan,1,7
pLillian,Allen,Piserchio,2,8
pKaren,Salvatore,Nieves,3,9
pJohn,Carolyn,Cowley,4,10
pGary,Phillip,White,1,7
pSamantha,Mica,Carter,2,8
pJoanna,Shirley,Gonzales,3,9
pLawrence,Tina,Robertson,4,10
pKelly,Sarah,Unruh,1,7
pSam,Jesus,Montelongo,2,8
pDong,Sandra,Colapietro,3,9
pMary,Anne,Foster,4,10
pAngelina,Cameron,Pearson,1,7
pElizabeth,Christopher,Guadagno,2,8
pMichael,Luanne,Binder,3,9
pImelda,Daniel,Ramos,4,10
pFrancis,Mildred,Beavers,1,7
pDonald,Jeremy,Wallen,2,8
pRobert,Forrest,Culbreth,3,9
pDerrick,Gail,Mclaughlin,4,10
pDavid,Sadie,Pineda,1,7
pArthur,Teresa,Walker,2,8
pElena,Floyd,Hanson,3,9
pTamara,Beth,Loggins,4,10
pLisa,Marilyn,Caldwell,1,7
pJoyce,Elizabeth,Anders,2,8
pDerrick,Robert,Pease,3,9
pAnna,Stephanie,Manganaro,4,10
pAngelica,Dixie,Juares,1,7
pAmy,Charles,Cashio,2,8
pRobert,Sol,Thompson,3,9
pLindsay,Steven,James,4,10
pJermaine,Felton,Fuller,1,7
pBritta,James,Curran,2,8
pLisa,Susan,Galimi,3,9
pJudith,Steven,Coffman,4,10
pEllen,Kassandra,Bridges,1,7
pManuel,Helen,Switzer,2,8
pMark,Donald,Bradley,3,9
pRobert,Kimberly,Cooke,4,10
pPenny,Debra,Smith,1,7
pDante,Harry,Gibson,2,8
pJorge,Thomas,Dunlap,3,9
pEmma,Edward,Hulbert,4,10
pRebecca,Jennifer,Dudgeon,1,7
pDeanna,Leslie,Juarez,2,8
pAnne,Jolene,Maciasz,3,9
pDarren,Gary,Alldredge,4,10
pCharles,Susan,Ross,1,7
pRobert,Kevin,Stanley,2,8
pJohn,Catherine,Gonzalez,3,9
pDuane,Woodrow,Frailey,4,10
pSteven,Raymond,Pointer,1,7
pEverett,Kyle,Sanders,2,8
pJuan,George,Haggard,3,9
pRaymond,Miriam,Gallaway,4,10
pMalcolm,Cindy,Kimberling,1,7
pLonnie,Jamie,Rayo,2,8
pMaria,Dolores,Mcfee,3,9
pNatalie,Paul,Grandi,4,10